<?xml version="1.0" encoding="UTF-8" standalone="no" ?>
<SimscapeMultibodyImportXML version="2.0" xmlns="urn:mathworks:SimscapeMultibody:import" xmlns:xsi="http://www.w3.org/2001/XMLSchema-instance">
<Created by="" on="12/29/22||15:27:36" using="Simscape Multibody Link Version 7.4" from="SolidWorks 30.3.1"/>
<ModelUnits mass="kilogram" length="meter"/>
<DataUnits mass="kilogram" length="meter"/>
<RootAssembly name="Nigel 2WD-MV - Copy" uid="Nigel 2WD-MV - Copy" version="317">
<AssemblyFile name="Nigel 2WD-MV - Copy.SLDASM" type="SolidWorks Assembly"/>
<InstanceTree>
<Instance name="Steering Horn-1" uid="Steering Horn-1" entityUid="Steering Horn*:*Default">
<Transform>
<Rotation>-1.0000000000000002 2.4770685880793721e-16 -1.9671424759359357e-12 -1.9671424759359357e-12 -1.2593419592446037e-15 1.0000000000000002 2.4770685880545999e-16 1 1.2593419592450906e-15</Rotation>
<Translation>0 0 0</Translation>
</Transform>
</Instance>
<Instance name="Steering Pin-1" uid="Steering Pin-1" entityUid="Steering Pin*:*Default">
<Transform>
<Rotation>-0.99830278295124375 0 -0.058237046214603093 -0.0582370462146031 0 0.99830278295124364 0 0.99999999999999989 0</Rotation>
<Translation>6.2011238136895091e-05 -0.0021278076035869025 -3.0730627533347049e-15</Translation>
</Transform>
</Instance>
<Instance name="Steering Link-1" uid="Steering Link-1" entityUid="Steering Link*:*Default">
<Transform>
<Rotation>1.9122976314435428e-13 -1.4261801358921617e-16 -1 -1 0 -1.9122976314435428e-13 0 1 -1.4261801358921617e-16</Rotation>
<Translation>0.061537011093090406 -8.1127053859486598e-15 0.0089999999999994425</Translation>
</Transform>
</Instance>
<Instance name="Chassis-1" uid="Chassis-1" entityUid="Chassis*:*Default">
<Transform>
<Rotation>-1 -1.4261801452492477e-16 0 1.1102230246251565e-16 0 1 0 1 0</Rotation>
<Translation>0 0 0</Translation>
</Transform>
</Instance>
<Instance name="Left Wheel-1" uid="Left Wheel-1" entityUid="Left Wheel*:*Default">
<Transform>
<Rotation>0.83716910433122349 0.54694413860398683 -2.4475312699498125e-14 1.8755549461864757e-14 1.621132757618247e-14 1 0.54694413860398683 -0.8371691043312236 3.3741077400948474e-15</Rotation>
<Translation>-0.1099138829126369 0.034425898558345304 0.035026128332122888</Translation>
</Transform>
</Instance>
<Instance name="Steering Assembly FR-1" uid="Steering Assembly FR-1" entityUid="Steering Assembly FR*:*Default">
<Transform>
<Rotation>-1 0 -1.2081376480829738e-12 -1.208137648082974e-12 -1.2006251028234862e-16 0.99999999999999989 0 0.99999999999999989 1.2006251028238333e-16</Rotation>
<Translation>0 0 0</Translation>
</Transform>
</Instance>
<Instance name="Steering Assembly FL-1" uid="Steering Assembly FL-1" entityUid="Steering Assembly FL*:*Default">
<Transform>
<Rotation>-1.0000000000000002 5.120198615908181e-16 -1.1205478819137364e-12 -1.1205478819137364e-12 2.3100820519831037e-16 1.0000000000000002 5.1201986159107674e-16 1 -2.3100820519773667e-16</Rotation>
<Translation>0 0 0</Translation>
</Transform>
</Instance>
<Instance name="Right Wheel-1" uid="Right Wheel-1" entityUid="Right Wheel*:*Default">
<Transform>
<Rotation>-0.83716910433122316 0.54694413860398716 1.4272562819875598e-16 -3.0765748910091793e-16 -2.0995876596421279e-16 -1 -0.54694413860398727 -0.83716910433122316 3.4404245241011602e-16</Rotation>
<Translation>-0.079939176503222464 -0.042401258555267579 0.047241798893222164</Translation>
</Transform>
</Instance>
</InstanceTree>
<Constraints>
<Coincident name="Coincident6">
<ConstraintGeometry geomType="plane">
<InstancePath>
<Uid>Chassis-1</Uid>
</InstancePath>
<Position>-0.059035865475089898 0.025749999999999988 0</Position>
<Axis>1.7135775196224656e-16 1 1.7289259261127178e-16</Axis>
</ConstraintGeometry>
<ConstraintGeometry geomType="plane">
<InstancePath>
<Uid>Steering Horn-1</Uid>
</InstancePath>
<Position>-0.059035865475089933 0.025749999999999981 3.1585140921155468e-15</Position>
<Axis>0 -1 0</Axis>
</ConstraintGeometry>
</Coincident>
<Concentric name="Concentric1">
<ConstraintGeometry geomType="cylinder">
<InstancePath>
<Uid>Chassis-1</Uid>
</InstancePath>
<Position>-0.059035865475089898 0.031749999999999987 0</Position>
<Axis>-1.7135775196224656e-16 -1 -1.7289259261127178e-16</Axis>
</ConstraintGeometry>
<ConstraintGeometry geomType="cylinder">
<InstancePath>
<Uid>Steering Horn-1</Uid>
</InstancePath>
<Position>-0.059035865475089933 0.025749999999999981 3.1585140921155468e-15</Position>
<Axis>0 1 0</Axis>
</ConstraintGeometry>
</Concentric>
<Coincident name="Coincident7">
<ConstraintGeometry geomType="plane">
<InstancePath>
<Uid>Chassis-1</Uid>
</InstancePath>
<Position>-0.061537011093089185 0.0059999999999994329 -0.045000000000000047</Position>
<Axis>1.6653345369376547e-16 1 0</Axis>
</ConstraintGeometry>
<ConstraintGeometry geomType="plane">
<InstancePath>
<Uid>Steering Assembly FL-1</Uid>
</InstancePath>
<Position>-0.036537011093089197 0.0060000000000025623 0.037051716829166623</Position>
<Axis>-4.9302999016323124e-16 -1 2.2869354912035208e-16</Axis>
</ConstraintGeometry>
</Coincident>
<Concentric name="Concentric2">
<ConstraintGeometry geomType="cylinder">
<InstancePath>
<Uid>Chassis-1</Uid>
</InstancePath>
<Position>-0.061537011093089469 -0.0049999999999999958 0.045000000000000269</Position>
<Axis>1.6653345369376547e-16 1 0</Axis>
</ConstraintGeometry>
<ConstraintGeometry geomType="cylinder">
<InstancePath>
<Uid>Steering Assembly FL-1</Uid>
</InstancePath>
<Position>-0.061537011093089199 0.0090000000000025771 0.045000000000001789</Position>
<Axis>-4.9302999016323124e-16 -1 2.2869354912035208e-16</Axis>
</ConstraintGeometry>
</Concentric>
<Coincident name="Coincident8">
<ConstraintGeometry geomType="plane">
<InstancePath>
<Uid>Chassis-1</Uid>
</InstancePath>
<Position>-0.061537011093089185 0.0059999999999994329 -0.045000000000000047</Position>
<Axis>1.6653345369376547e-16 1 0</Axis>
</ConstraintGeometry>
<ConstraintGeometry geomType="plane">
<InstancePath>
<Uid>Steering Assembly FR-1</Uid>
</InstancePath>
<Position>-0.036537011093091584 0.006000000000004801 -0.037051716829162536</Position>
<Axis>0 -0.99999999999999989 0</Axis>
</ConstraintGeometry>
</Coincident>
<Concentric name="Concentric3">
<ConstraintGeometry geomType="cylinder">
<InstancePath>
<Uid>Chassis-1</Uid>
</InstancePath>
<Position>-0.061537011093092585 -0.0050000000000000096 -0.044999999999995981</Position>
<Axis>1.6653345369376547e-16 1 0</Axis>
</ConstraintGeometry>
<ConstraintGeometry geomType="cylinder">
<InstancePath>
<Uid>Steering Assembly FR-1</Uid>
</InstancePath>
<Position>-0.061537011093092099 0.006000000000004801 -0.044999999999996029</Position>
<Axis>0 0.99999999999999989 0</Axis>
</ConstraintGeometry>
</Concentric>
<Coincident name="Coincident9">
<ConstraintGeometry geomType="plane">
<InstancePath>
<Uid>Steering Assembly FL-1</Uid>
</InstancePath>
<Position>-0.036537011093089197 0.0090000000000025632 0.03705171682916663</Position>
<Axis>4.9302999016323124e-16 1 -2.2869354912035208e-16</Axis>
</ConstraintGeometry>
<ConstraintGeometry geomType="plane">
<InstancePath>
<Uid>Steering Link-1</Uid>
</InstancePath>
<Position>-0.037051716829164902 0 0.024999999999999994</Position>
<Axis>0 -1 0</Axis>
</ConstraintGeometry>
</Coincident>
<Concentric name="Concentric4">
<ConstraintGeometry geomType="cylinder">
<InstancePath>
<Uid>Steering Assembly FL-1</Uid>
</InstancePath>
<Position>-0.036537011093089204 0.015800000000002281 0.037051716829166734</Position>
<Axis>0 -1 -6.9829626776862691e-15</Axis>
</ConstraintGeometry>
<ConstraintGeometry geomType="cylinder">
<InstancePath>
<Uid>Steering Link-1</Uid>
</InstancePath>
<Position>-0.037051716829164902 0.0029999999999999992 0.024999999999999994</Position>
<Axis>0 -1 0</Axis>
</ConstraintGeometry>
</Concentric>
<Concentric name="Concentric5">
<ConstraintGeometry geomType="cylinder">
<InstancePath>
<Uid>Steering Assembly FR-1</Uid>
</InstancePath>
<Position>-0.036537011093091584 0.015800000000005057 -0.037051716829162425</Position>
<Axis>0 -0.99999999999999989 -6.9829626776862667e-15</Axis>
</ConstraintGeometry>
<ConstraintGeometry geomType="cylinder">
<InstancePath>
<Uid>Steering Link-1</Uid>
</InstancePath>
<Position>0.037051716829164902 0.0029999999999999992 0.024999999999999981</Position>
<Axis>0 -1 0</Axis>
</ConstraintGeometry>
</Concentric>
<Coincident name="Coincident10">
<ConstraintGeometry geomType="plane">
<InstancePath>
<Uid>Steering Link-1</Uid>
</InstancePath>
<Position>-0.037051716829164902 0 0.024999999999999994</Position>
<Axis>0 -1 0</Axis>
</ConstraintGeometry>
<ConstraintGeometry geomType="plane">
<InstancePath>
<Uid>Steering Pin-1</Uid>
</InstancePath>
<Position>-0.036537011093091418 0.0090000000000025077 2.1783790049578755e-15</Position>
<Axis>-9.7154926012426562e-16 0.99999999999999989 0</Axis>
</ConstraintGeometry>
</Coincident>
<Concentric name="Concentric6">
<ConstraintGeometry geomType="cylinder">
<InstancePath>
<Uid>Steering Link-1</Uid>
</InstancePath>
<Position>0 0.0029999999999999992 0.025000000000000001</Position>
<Axis>0 -1 0</Axis>
</ConstraintGeometry>
<ConstraintGeometry geomType="cylinder">
<InstancePath>
<Uid>Steering Pin-1</Uid>
</InstancePath>
<Position>-0.036537011093091445 0.0340000000000025 2.1779453240888813e-15</Position>
<Axis>9.7154926012426562e-16 -0.99999999999999989 0</Axis>
</ConstraintGeometry>
</Concentric>
<UnknownConstraint name="Slot1">
<ConstraintGeometry geomType="cylinder">
<InstancePath>
<Uid>Steering Horn-1</Uid>
</InstancePath>
<Position>-0.034035865475089924 0.025750000000000012 2.3308530379348953e-15</Position>
<Axis>9.715436495795002e-16 -1 0</Axis>
</ConstraintGeometry>
<ConstraintGeometry geomType="cylinder">
<InstancePath>
<Uid>Steering Pin-1</Uid>
</InstancePath>
<Position>-0.036537011093091445 0.0340000000000025 2.1779453240888813e-15</Position>
<Axis>9.7154926012426562e-16 -0.99999999999999989 0</Axis>
</ConstraintGeometry>
</UnknownConstraint>
<Concentric name="Concentric7">
<ConstraintGeometry geomType="cylinder">
<InstancePath>
<Uid>Chassis-1</Uid>
</InstancePath>
<Position>0.08000000000000157 0.022900000000000264 0.06549999999999799</Position>
<Axis>-2.4551391674364449e-14 -3.4914813388431448e-15 -1</Axis>
</ConstraintGeometry>
<ConstraintGeometry geomType="cylinder">
<InstancePath>
<Uid>Left Wheel-1</Uid>
</InstancePath>
<Position>0.018410663749826375 0.026512842916760954 0.055074101441651924</Position>
<Axis>1.1102230246251289e-16 0 1</Axis>
</ConstraintGeometry>
</Concentric>
<Distance name="Distance1">
<ConstraintGeometry geomType="plane">
<InstancePath>
<Uid>Left Wheel-1</Uid>
</InstancePath>
<Position>0.018410663749826361 0.026512842916760954 0.025074101441651918</Position>
<Axis>-1.1102230246251289e-16 0 -1</Axis>
</ConstraintGeometry>
<ConstraintGeometry geomType="plane">
<InstancePath>
<Uid>Chassis-1</Uid>
</InstancePath>
<Position>0.054200000000001351 0.011750000000000229 0.056499999999998655</Position>
<Axis>2.4551391674364449e-14 3.4914813388431448e-15 1</Axis>
</ConstraintGeometry>
</Distance>
<Concentric name="Concentric8">
<ConstraintGeometry geomType="cylinder">
<InstancePath>
<Uid>Chassis-1</Uid>
</InstancePath>
<Position>0.080000000000000446 0.023099999999999437 -0.065500000000000044</Position>
<Axis>0 0 1</Axis>
</ConstraintGeometry>
<ConstraintGeometry geomType="cylinder">
<InstancePath>
<Uid>Right Wheel-1</Uid>
</InstancePath>
<Position>0.013255134952324346 0.020177501101331666 0.047098741444732473</Position>
<Axis>0 0 1</Axis>
</ConstraintGeometry>
</Concentric>
<Distance name="Distance2">
<ConstraintGeometry geomType="plane">
<InstancePath>
<Uid>Chassis-1</Uid>
</InstancePath>
<Position>0.05420000000000047 0.034249999999999441 -0.05650000000000005</Position>
<Axis>0 0 -1</Axis>
</ConstraintGeometry>
<ConstraintGeometry geomType="plane">
<InstancePath>
<Uid>Right Wheel-1</Uid>
</InstancePath>
<Position>0.013255134952324346 0.020177501101331666 0.017098741444732467</Position>
<Axis>0 0 -1</Axis>
</ConstraintGeometry>
</Distance>
<Coincident name="Coincident14">
<ConstraintGeometry geomType="plane">
<InstancePath>
<Uid>Chassis-1</Uid>
</InstancePath>
<Position>0 0 0</Position>
<Axis>1.6653345369376547e-16 1 0</Axis>
</ConstraintGeometry>
<ConstraintGeometry geomType="plane">
<InstancePath>
<Uid>Nigel 2WD-MV - Copy</Uid>
</InstancePath>
<Position>0 0 0</Position>
<Axis>0 0 1</Axis>
</ConstraintGeometry>
</Coincident>
<Coincident name="Coincident11">
<ConstraintGeometry geomType="plane">
<InstancePath>
<Uid>Chassis-1</Uid>
</InstancePath>
<Position>0 0 0</Position>
<Axis>1.1102230246251568e-16 0 1</Axis>
</ConstraintGeometry>
<ConstraintGeometry geomType="plane">
<InstancePath>
<Uid>Nigel 2WD-MV - Copy</Uid>
</InstancePath>
<Position>0 0 0</Position>
<Axis>0 1 0</Axis>
</ConstraintGeometry>
</Coincident>
<Coincident name="Coincident13">
<ConstraintGeometry geomType="plane">
<InstancePath>
<Uid>Chassis-1</Uid>
</InstancePath>
<Position>0 0 0</Position>
<Axis>1 1.6653345369376547e-16 1.1102230246251568e-16</Axis>
</ConstraintGeometry>
<ConstraintGeometry geomType="plane">
<InstancePath>
<Uid>Nigel 2WD-MV - Copy</Uid>
</InstancePath>
<Position>0 0 0</Position>
<Axis>1 0 0</Axis>
</ConstraintGeometry>
</Coincident>
</Constraints>
</RootAssembly>
<Assemblies>
</Assemblies>
<Parts>
<Part name="Chassis" uid="Chassis*:*Default" version="9119">
<ModelUnits mass="kilogram" length="meter"/>
<PartFile name="Chassis.SLDPRT" type="SolidWorks Part"/>
<MassProperties>
<Mass>0.84661618687549944</Mass>
<CenterOfMass>0.0079275969294188096 0.072808909863380719 9.8582497135903894e-05</CenterOfMass>
<Inertia>0.0032500754708184821 0.0047276461666401664 0.0064116806048669 -9.1283733709299934e-06 1.5290972894179933e-06 0.00090024341180031488</Inertia>
</MassProperties>
<GeometryFile name="Chassis_Default_sldprt.STEP" type="STEP"/>
<VisualProperties>
<Ambient r="0.792156862745098" g="0.81960784313725488" b="0.93333333333333335" a="1"/>
<Diffuse r="0.792156862745098" g="0.81960784313725488" b="0.93333333333333335" a="1"/>
<Specular r="0.396078431372549" g="0.40980392156862744" b="0.46666666666666667" a="1"/>
<Emissive r="0" g="0" b="0" a="1"/>
<Shininess>0.3125</Shininess>
</VisualProperties>
</Part>
<Part name="Left Wheel" uid="Left Wheel*:*Default" version="128">
<ModelUnits mass="kilogram" length="millimeter"/>
<PartFile name="Left Wheel.SLDPRT" type="SolidWorks Part"/>
<MassProperties>
<Mass>0.031343927789095352</Mass>
<CenterOfMass>0.018410664074192569 0.026512842652092659 0.042556269847092293</CenterOfMass>
<Inertia>1.2927512380475398e-05 1.2927044277076065e-05 2.1679196922957711e-05 -8.1096315704965059e-14 1.3710340436087679e-13 1.6426066454378635e-14</Inertia>
</MassProperties>
<GeometryFile name="Left Wheel_Default_sldprt.STEP" type="STEP"/>
<VisualProperties>
<Ambient r="0.792156862745098" g="0.81960784313725488" b="0.93333333333333335" a="1"/>
<Diffuse r="0.792156862745098" g="0.81960784313725488" b="0.93333333333333335" a="1"/>
<Specular r="0.396078431372549" g="0.40980392156862744" b="0.46666666666666667" a="1"/>
<Emissive r="0" g="0" b="0" a="1"/>
<Shininess>0.3125</Shininess>
</VisualProperties>
</Part>
<Part name="Right Wheel" uid="Right Wheel*:*Default" version="123">
<ModelUnits mass="kilogram" length="millimeter"/>
<PartFile name="Right Wheel.SLDPRT" type="SolidWorks Part"/>
<MassProperties>
<Mass>0.031343927789094991</Mass>
<CenterOfMass>0.013255134623872107 0.020177500841766959 0.034585560236758954</CenterOfMass>
<Inertia>1.2927371139031097e-05 1.2926903036695224e-05 2.1679196922957501e-05 7.1323719341890548e-14 1.2838057397317708e-13 -1.7573083770160943e-14</Inertia>
</MassProperties>
<GeometryFile name="Right Wheel_Default_sldprt.STEP" type="STEP"/>
<VisualProperties>
<Ambient r="0.792156862745098" g="0.81960784313725488" b="0.93333333333333335" a="1"/>
<Diffuse r="0.792156862745098" g="0.81960784313725488" b="0.93333333333333335" a="1"/>
<Specular r="0.396078431372549" g="0.40980392156862744" b="0.46666666666666667" a="1"/>
<Emissive r="0" g="0" b="0" a="1"/>
<Shininess>0.3125</Shininess>
</VisualProperties>
</Part>
<Part name="Steering Assembly FL" uid="Steering Assembly FL*:*Default" version="119">
<ModelUnits mass="kilogram" length="meter"/>
<PartFile name="Steering Assembly FL.SLDPRT" type="SolidWorks Part"/>
<MassProperties>
<Mass>0.053045153400971275</Mass>
<CenterOfMass>-0.064108188360387758 0.022953084300790228 0.065915176165505227</CenterOfMass>
<Inertia>2.5754791221203764e-05 2.758766552800485e-05 2.8152738165949333e-05 -2.5682352606139774e-07 -2.2425886434296489e-06 2.425334700125692e-07</Inertia>
</MassProperties>
<GeometryFile name="Steering Assembly FL_Default_sldprt.STEP" type="STEP"/>
<VisualProperties>
<Ambient r="0.792156862745098" g="0.81960784313725488" b="0.93333333333333335" a="1"/>
<Diffuse r="0.792156862745098" g="0.81960784313725488" b="0.93333333333333335" a="1"/>
<Specular r="0.396078431372549" g="0.40980392156862744" b="0.46666666666666667" a="1"/>
<Emissive r="0" g="0" b="0" a="1"/>
<Shininess>0.3125</Shininess>
</VisualProperties>
</Part>
<Part name="Steering Assembly FR" uid="Steering Assembly FR*:*Default" version="119">
<ModelUnits mass="kilogram" length="meter"/>
<PartFile name="Steering Assembly FR.SLDPRT" type="SolidWorks Part"/>
<MassProperties>
<Mass>0.053045153400969589</Mass>
<CenterOfMass>-0.064108188357978088 0.022953061811136259 -0.06591792406094743</CenterOfMass>
<Inertia>2.5757876367795679e-05 2.7590750788282837e-05 2.8152738054641688e-05 2.5686025487157314e-07 2.2429637061218154e-06 2.4250927957092043e-07</Inertia>
</MassProperties>
<GeometryFile name="Steering Assembly FR_Default_sldprt.STEP" type="STEP"/>
<VisualProperties>
<Ambient r="0.792156862745098" g="0.81960784313725488" b="0.93333333333333335" a="1"/>
<Diffuse r="0.792156862745098" g="0.81960784313725488" b="0.93333333333333335" a="1"/>
<Specular r="0.396078431372549" g="0.40980392156862744" b="0.46666666666666667" a="1"/>
<Emissive r="0" g="0" b="0" a="1"/>
<Shininess>0.3125</Shininess>
</VisualProperties>
</Part>
<Part name="Steering Horn" uid="Steering Horn*:*Default" version="110">
<ModelUnits mass="kilogram" length="meter"/>
<PartFile name="Steering Horn.SLDPRT" type="SolidWorks Part"/>
<MassProperties>
<Mass>0.0034735846350754137</Mass>
<CenterOfMass>-0.055484791181374844 0.025681410441789541 2.910423664704115e-15</CenterOfMass>
<Inertia>9.2640576390320789e-08 3.4342478345900162e-07 2.727959357571694e-07 0 0 1.7656386398636482e-08</Inertia>
</MassProperties>
<GeometryFile name="Steering Horn_Default_sldprt.STEP" type="STEP"/>
<VisualProperties>
<Ambient r="0.792156862745098" g="0.81960784313725488" b="0.93333333333333335" a="1"/>
<Diffuse r="0.792156862745098" g="0.81960784313725488" b="0.93333333333333335" a="1"/>
<Specular r="0.396078431372549" g="0.40980392156862744" b="0.46666666666666667" a="1"/>
<Emissive r="0" g="0" b="0" a="1"/>
<Shininess>0.3125</Shininess>
</VisualProperties>
</Part>
<Part name="Steering Link" uid="Steering Link*:*Default" version="141">
<ModelUnits mass="kilogram" length="millimeter"/>
<PartFile name="Steering Link.SLDPRT" type="SolidWorks Part"/>
<MassProperties>
<Mass>0.0023768682621798632</Mass>
<CenterOfMass>0 0.0014999999999999998 0.024999999999999998</CenterOfMass>
<Inertia>2.1721492556916471e-08 1.3199338655055762e-06 1.3017776753419292e-06 0 0 0</Inertia>
</MassProperties>
<GeometryFile name="Steering Link_Default_sldprt.STEP" type="STEP"/>
<VisualProperties>
<Ambient r="0.792156862745098" g="0.81960784313725488" b="0.93333333333333335" a="1"/>
<Diffuse r="0.792156862745098" g="0.81960784313725488" b="0.93333333333333335" a="1"/>
<Specular r="0.396078431372549" g="0.40980392156862744" b="0.46666666666666667" a="1"/>
<Emissive r="0" g="0" b="0" a="1"/>
<Shininess>0.3125</Shininess>
</VisualProperties>
</Part>
<Part name="Steering Pin" uid="Steering Pin*:*Default" version="107">
<ModelUnits mass="kilogram" length="meter"/>
<PartFile name="Steering Pin.SLDPRT" type="SolidWorks Part"/>
<MassProperties>
<Mass>0.00031264542994627613</Mass>
<CenterOfMass>-0.036537011087872398 0.019137441666392203 -1.846016188357296e-09</CenterOfMass>
<Inertia>2.0614360130496901e-08 8.6961886131481768e-10 2.0599632791296556e-08 5.3938751287032398e-16 0 0</Inertia>
</MassProperties>
<GeometryFile name="Steering Pin_Default_sldprt.STEP" type="STEP"/>
<VisualProperties>
<Ambient r="0.792156862745098" g="0.81960784313725488" b="0.93333333333333335" a="1"/>
<Diffuse r="0.792156862745098" g="0.81960784313725488" b="0.93333333333333335" a="1"/>
<Specular r="0.396078431372549" g="0.40980392156862744" b="0.46666666666666667" a="1"/>
<Emissive r="0" g="0" b="0" a="1"/>
<Shininess>0.3125</Shininess>
</VisualProperties>
</Part>
</Parts>
</SimscapeMultibodyImportXML>
